[
  {
    "_id": 0,
    "description": "Basic access with limited permissions",
    "display_name": "Visiteur",
    "name": "Visitor",
    "permissions": {
      "read_public_content": true,
      "search_medicines": true,
      "add_comments": false,
      "add_favorites": false,
      "view_profile": false,
      "edit_profile": false
    }
  },
  {
    "_id": 1,
    "description": "Regular user account for patients",
    "display_name": "Patient",
    "name": "Patient",
    "permissions": {
      "read_public_content": true,
      "search_medicines": true,
      "add_comments": true,
      "add_favorites": true,
      "view_profile": true,
      "edit_profile": true
    }
  },
  {
    "_id": 2,
    "description": "Account for healthcare workers with additional privileges",
    "display_name": "Professionnel de santé",
    "name": "Healthcare Professional",
    "permissions": {
      "read_public_content": true,
      "search_medicines": true,
      "add_comments": true,
      "add_favorites": true,
      "view_profile": true,
      "edit_profile": true,
      "professional_content": true,
      "suggest_updates": true
    }
  },
  {
    "_id": 3,
    "description": "Account for medical researchers",
    "display_name": "Chercheur",
    "name": "Researcher",
    "permissions": {
      "read_public_content": true,
      "search_medicines": true,
      "add_comments": true,
      "add_favorites": true,
      "view_profile": true,
      "edit_profile": true,
      "research_data_access": true
    }
  },
  {
    "_id": 4,
    "description": "Full access to all system functions",
    "display_name": "Administrateur",
    "name": "Administrator",
    "permissions": {
      "read_public_content": true,
      "search_medicines": true,
      "add_comments": true,
      "add_favorites": true,
      "view_profile": true,
      "edit_profile": true,
      "admin_panel": true,
      "manage_users": true,
      "manage_content": true,
      "run_scrapers": true,
      "system_settings": true
    }
  },
  {
    "_id": 5,
    "description": "Regular individual user account",
    "display_name": "Particulier",
    "name": "Individual",
    "permissions": {
      "read_public_content": true,
      "search_medicines": true,
      "add_comments": true,
      "add_favorites": true,
      "view_profile": true,
      "edit_profile": true
    }
  },
  {
    "_id": 6,
    "description": "Account for medical or pharmacy students",
    "display_name": "Étudiant",
    "name": "Student",
    "permissions": {
      "read_public_content": true,
      "search_medicines": true,
      "add_comments": true,
      "add_favorites": true,
      "view_profile": true,
      "edit_profile": true,
      "educational_content": true
    }
  }
]